label,auc
Atelectasis,0.8181844179024809
Cardiomegaly,0.8955956154782132
Effusion,0.8840449327023299
Infiltration,0.7136752725731226
Mass,0.8352731065637122
Nodule,0.7791742148795023
Pneumonia,0.7715988607072357
Pneumothorax,0.8762794480858743
Consolidation,0.8040919970347205
Edema,0.8909683140794303
Emphysema,0.9276289872963539
Fibrosis,0.8357679673159274
Pleural_Thickening,0.7903713402079203
Hernia,0.9002107564476374
