label,auc
Atelectasis,0.7343246453537573
Cardiomegaly,0.7306251839032899
Effusion,0.8139053109754464
Infiltration,0.669722510298048
Mass,0.6987373683024388
Nodule,0.638440055631995
Pneumonia,0.6958280861338635
Pneumothorax,0.7990861447719666
Consolidation,0.7740235120422146
Edema,0.8691573036178865
Emphysema,0.797491799676611
Fibrosis,0.7584852351189068
Pleural_Thickening,0.7191581299405678
Hernia,0.8622607722915883
