label,auc
Atelectasis,0.8096409492323587
Cardiomegaly,0.9072177136592551
Effusion,0.8812795257339265
Infiltration,0.7096568479344716
Mass,0.8217706818368666
Nodule,0.7530641525055246
Pneumonia,0.7692002400702171
Pneumothorax,0.8679411370416721
Consolidation,0.8014516654201049
Edema,0.8935603886407469
Emphysema,0.9086476267900291
Fibrosis,0.8317510465346517
Pleural_Thickening,0.7733140554575463
Hernia,0.8995727450017119
