label,auc
Atelectasis,0.8020056727723632
Cardiomegaly,0.8909708458143807
Effusion,0.8750875348784172
Infiltration,0.6977673981799606
Mass,0.8015722730553555
Nodule,0.7497878239562479
Pneumonia,0.7518992260163955
Pneumothorax,0.8585814272615758
Consolidation,0.7868710774905981
Edema,0.8873229927448743
Emphysema,0.9080091916027828
Fibrosis,0.8038141472610618
Pleural_Thickening,0.7624042934210231
Hernia,0.8560667445040631
