label,auc
Atelectasis,0.8111234518935332
Cardiomegaly,0.8964646691014638
Effusion,0.8785645522798418
Infiltration,0.6986493435546404
Mass,0.8171632101867802
Nodule,0.7615743281629672
Pneumonia,0.7587877147882559
Pneumothorax,0.8615350339637344
Consolidation,0.7973988557711528
Edema,0.8895632519853183
Emphysema,0.9039221131474368
Fibrosis,0.8072899965480564
Pleural_Thickening,0.7783225422686136
Hernia,0.8424707205913939
